SourceSha,Group,ComparisonKey,CaseId,Library,MeanNs,ErrorNs,StdDevNs,StandardErrorNs,N,AllocatedBytes,ConfidenceLowerNs,ConfidenceUpperNs,OriginalReportSha256
1c41d2b105073d2dc9be2c0e8684fdce2fa11f55,send,"[""Send5"",""ResolveSend"",""Scoped"",null,null]",send-0101,Zendiator,32.247491866604776,0.2619543312155805,0.18941014461467987,0.05710930737944078,11,0,31.985537535389195,32.50944619782035,D56D902B342F03D80B7249A235F7ACC84A417355B2950D6497FE1F4B74E3D2D3
1c41d2b105073d2dc9be2c0e8684fdce2fa11f55,send,"[""Send5"",""ResolveSend"",""Scoped"",null,null]",send-0105,Immediate,46.067009489293426,0.519698117924575,0.375775789677861,0.11330066360554278,11,0,45.54731137136885,46.586707607218,2830DEAED85ECDB910F0E56FA0A6B5D72D3A12FF411C94AA50CEB80EA9E6F165
1c41d2b105073d2dc9be2c0e8684fdce2fa11f55,send,"[""Send0"",""ScopeK1"",""Scoped"",null,null]",send-0014,Zendiator,79.43187943008597,0.40301319466476493,0.3146461933847489,0.09083053222508793,12,376,79.0288662354212,79.83489262475074,686691898F93AE207E38673A58A135BFCC46A4572D52641FDDA9BC97E6B57E05
1c41d2b105073d2dc9be2c0e8684fdce2fa11f55,send,"[""Send0"",""ScopeK1"",""Scoped"",null,null]",send-0013,Immediate,96.46586240270666,0.5409815813146516,0.39116512819312305,0.1179407237534418,11,368,95.92488082139201,97.00684398402132,C836AFA97565B03F3655E216D44779DA3E1430BC203917BAE1ED079379D5286F
1c41d2b105073d2dc9be2c0e8684fdce2fa11f55,send,"[""Send5"",""ScopeK1"",""Scoped"",null,null]",send-0110,Zendiator,169.08296944729577,1.087474899215301,0.8490288704422746,0.2450935234498056,12,568,167.99549454808047,170.17044434651106,B889565C7D67004F5750813A742FF28821E891632F93D3D504AD210BDE1EF92F
1c41d2b105073d2dc9be2c0e8684fdce2fa11f55,send,"[""Send5"",""ScopeK1"",""Scoped"",null,null]",send-0109,Immediate,121.61389858722772,0.9352398839933196,0.676239712680326,0.20389394502712566,11,568,120.6786587032344,122.54913847122104,DA0EBB9ADC0EC2B2251C862475392DDFF8069556105B4E1D26E676B49FACE010
1c41d2b105073d2dc9be2c0e8684fdce2fa11f55,send,"[""Send5"",""FirstSend"",""Scoped"",null,null]",send-0118,Zendiator,807.9776340060764,29.19491147195409,17.37342353504454,5.79114117834818,9,440,778.7827225341223,837.1725454780305,75E451B5AFA86DDFAEEE63E9163D78892660411CFB0EEA438A2EA840A4D5A7AE
1c41d2b105073d2dc9be2c0e8684fdce2fa11f55,send,"[""Send5"",""FirstSend"",""Scoped"",null,null]",send-0117,Immediate,605.6532118055555,17.954019607369933,10.684149088616987,3.561383029538996,9,440,587.6991921981856,623.6072314129254,3F5D5B49627D7F6DD19A5E96BB24534947B734C22D0322FD6919C6A423133171
1c41d2b105073d2dc9be2c0e8684fdce2fa11f55,features,"[""Notification16"",""Dispatch"",null,null,null]",features-0049,Zendiator,121.76690687361419,1.4194354485993874,1.0263448301954323,0.3094546097526613,11,0,120.3474714250148,123.18634232221358,E1770A94621AF0BDAB20ABFBF51A4C816A2B3EA280EF0716A7A70443F2298822
1c41d2b105073d2dc9be2c0e8684fdce2fa11f55,features,"[""Notification16"",""Dispatch"",null,null,null]",features-0048,DispatchR,175.4015067815736,1.9525468054802784,1.411819270468905,0.4256795265398769,11,0,173.44895997609333,177.35405358705387,C6CAED79B4EE8E1756D2BDA96D12A6E9ED1843F03DA813E7E585E231C3AD53DF
1c41d2b105073d2dc9be2c0e8684fdce2fa11f55,streams,"[""Stream0"",""Full"",null,1024,false]",streams-0014,Zendiator,14190.354813185113,189.75160580508427,148.14557251624672,42.765943085753136,12,216,14000.603207380029,14380.106418990197,5C9F954F414C96DF9177002B6A78B2752893116D3D31E987D34036DD13E20ED6
1c41d2b105073d2dc9be2c0e8684fdce2fa11f55,streams,"[""Stream0"",""Full"",null,1024,false]",streams-0013,Immediate,14222.543577445016,53.10682836168373,35.126878803618474,11.108094411212486,10,144,14169.436749083332,14275.6504058067,20DF9697CD2B006D6E024724C2CC8C82FDE12072C9687ED07EC1137FAFB35539
1c41d2b105073d2dc9be2c0e8684fdce2fa11f55,streams,"[""Stream0"",""EarlyBreak"",null,16,false]",streams-0022,Zendiator,62.56782750699804,0.798710173330869,0.6235803665566756,0.18001214624643108,12,216,61.769117333667175,63.36653768032891,1835F4D20C8449DA6BC6AEB9BBA7FCF17869ECCE4F7ACEB116B3DD27306DAA5E
1c41d2b105073d2dc9be2c0e8684fdce2fa11f55,streams,"[""Stream0"",""EarlyBreak"",null,16,false]",streams-0021,Immediate,42.83762169230901,0.727131416033832,0.5676963810969493,0.16387982922215005,12,144,42.11049027627517,43.56475310834284,7BA6C745017E428826ED2CD60C75C6BBDFCF9B05CC6425AA7169133615646493
1c41d2b105073d2dc9be2c0e8684fdce2fa11f55,relay,"[""Relay5"",""Full"",null,1024,false]",relay-0022,Zendiator,15028.747092556945,47.083403400253836,36.759624368655054,10.611589512276261,12,216,14981.66368915669,15075.8304959572,654A8F0F780D7D0DFCD9380C195CCA0C8864187BD711F2BD99793815D51FE8CD
1c41d2b105073d2dc9be2c0e8684fdce2fa11f55,relay,"[""Relay5"",""Full"",null,1024,false]",relay-0025,DispatchR,13610.874452954047,38.65310559146953,25.566636106528172,8.084880220532831,10,144,13572.221347362578,13649.527558545517,C644C2DDBBB1C3DA65E537E5E6488A0CC0CBFFE9BF453F5641525873019EF6C0
